{
  "blocks.0.cross_attn.k": 1.58984375,
  "blocks.0.cross_attn.o": 1.23828125,
  "blocks.0.cross_attn.q": 57.875,
  "blocks.0.cross_attn.v": 1.58984375,
  "blocks.0.ffn.0": 7.2265625,
  "blocks.0.ffn.2": 9.4375,
  "blocks.0.self_attn.k": 35.90625,
  "blocks.0.self_attn.o": 11.890625,
  "blocks.0.self_attn.q": 35.90625,
  "blocks.0.self_attn.v": 35.90625,
  "blocks.1.cross_attn.k": 1.58984375,
  "blocks.1.cross_attn.o": 2.296875,
  "blocks.1.cross_attn.q": 49.65625,
  "blocks.1.cross_attn.v": 1.58984375,
  "blocks.1.ffn.0": 11.515625,
  "blocks.1.ffn.2": 11.9296875,
  "blocks.1.self_attn.k": 11.2265625,
  "blocks.1.self_attn.o": 6.70703125,
  "blocks.1.self_attn.q": 11.2265625,
  "blocks.1.self_attn.v": 11.2265625,
  "blocks.10.cross_attn.k": 1.58984375,
  "blocks.10.cross_attn.o": 3.56640625,
  "blocks.10.cross_attn.q": 38.78125,
  "blocks.10.cross_attn.v": 1.58984375,
  "blocks.10.ffn.0": 6.046875,
  "blocks.10.ffn.2": 13.40625,
  "blocks.10.self_attn.k": 9.2734375,
  "blocks.10.self_attn.o": 14.4375,
  "blocks.10.self_attn.q": 9.2734375,
  "blocks.10.self_attn.v": 9.2734375,
  "blocks.11.cross_attn.k": 1.58984375,
  "blocks.11.cross_attn.o": 3.482421875,
  "blocks.11.cross_attn.q": 39.25,
  "blocks.11.cross_attn.v": 1.58984375,
  "blocks.11.ffn.0": 5.85546875,
  "blocks.11.ffn.2": 12.328125,
  "blocks.11.self_attn.k": 8.5390625,
  "blocks.11.self_attn.o": 13.484375,
  "blocks.11.self_attn.q": 8.5390625,
  "blocks.11.self_attn.v": 8.5390625,
  "blocks.12.cross_attn.k": 1.58984375,
  "blocks.12.cross_attn.o": 3.029296875,
  "blocks.12.cross_attn.q": 48.5,
  "blocks.12.cross_attn.v": 1.58984375,
  "blocks.12.ffn.0": 5.1875,
  "blocks.12.ffn.2": 13.6953125,
  "blocks.12.self_attn.k": 7.37890625,
  "blocks.12.self_attn.o": 14.4140625,
  "blocks.12.self_attn.q": 7.37890625,
  "blocks.12.self_attn.v": 7.37890625,
  "blocks.13.cross_attn.k": 1.58984375,
  "blocks.13.cross_attn.o": 3.173828125,
  "blocks.13.cross_attn.q": 45.375,
  "blocks.13.cross_attn.v": 1.58984375,
  "blocks.13.ffn.0": 4.76171875,
  "blocks.13.ffn.2": 22.328125,
  "blocks.13.self_attn.k": 7.5078125,
  "blocks.13.self_attn.o": 10.8125,
  "blocks.13.self_attn.q": 7.5078125,
  "blocks.13.self_attn.v": 7.5078125,
  "blocks.14.cross_attn.k": 1.58984375,
  "blocks.14.cross_attn.o": 4.09375,
  "blocks.14.cross_attn.q": 48.15625,
  "blocks.14.cross_attn.v": 1.58984375,
  "blocks.14.ffn.0": 5.76953125,
  "blocks.14.ffn.2": 16.6875,
  "blocks.14.self_attn.k": 8.7109375,
  "blocks.14.self_attn.o": 14.7109375,
  "blocks.14.self_attn.q": 8.7109375,
  "blocks.14.self_attn.v": 8.7109375,
  "blocks.15.cross_attn.k": 1.58984375,
  "blocks.15.cross_attn.o": 3.279296875,
  "blocks.15.cross_attn.q": 52.59375,
  "blocks.15.cross_attn.v": 1.58984375,
  "blocks.15.ffn.0": 5.4375,
  "blocks.15.ffn.2": 42.09375,
  "blocks.15.self_attn.k": 9.7890625,
  "blocks.15.self_attn.o": 20.25,
  "blocks.15.self_attn.q": 9.7890625,
  "blocks.15.self_attn.v": 9.7890625,
  "blocks.16.cross_attn.k": 1.58984375,
  "blocks.16.cross_attn.o": 2.234375,
  "blocks.16.cross_attn.q": 49.40625,
  "blocks.16.cross_attn.v": 1.58984375,
  "blocks.16.ffn.0": 5.1328125,
  "blocks.16.ffn.2": 44.09375,
  "blocks.16.self_attn.k": 12.5703125,
  "blocks.16.self_attn.o": 20.140625,
  "blocks.16.self_attn.q": 12.5703125,
  "blocks.16.self_attn.v": 12.5703125,
  "blocks.17.cross_attn.k": 1.58984375,
  "blocks.17.cross_attn.o": 2.501953125,
  "blocks.17.cross_attn.q": 50.40625,
  "blocks.17.cross_attn.v": 1.58984375,
  "blocks.17.ffn.0": 5.359375,
  "blocks.17.ffn.2": 12.03125,
  "blocks.17.self_attn.k": 9.8828125,
  "blocks.17.self_attn.o": 13.8984375,
  "blocks.17.self_attn.q": 9.8828125,
  "blocks.17.self_attn.v": 9.8828125,
  "blocks.18.cross_attn.k": 1.58984375,
  "blocks.18.cross_attn.o": 2.3046875,
  "blocks.18.cross_attn.q": 51.40625,
  "blocks.18.cross_attn.v": 1.58984375,
  "blocks.18.ffn.0": 5.546875,
  "blocks.18.ffn.2": 11.5234375,
  "blocks.18.self_attn.k": 11.078125,
  "blocks.18.self_attn.o": 13.4921875,
  "blocks.18.self_attn.q": 11.078125,
  "blocks.18.self_attn.v": 11.078125,
  "blocks.19.cross_attn.k": 1.58984375,
  "blocks.19.cross_attn.o": 1.8623046875,
  "blocks.19.cross_attn.q": 58.21875,
  "blocks.19.cross_attn.v": 1.58984375,
  "blocks.19.ffn.0": 6.58203125,
  "blocks.19.ffn.2": 12.984375,
  "blocks.19.self_attn.k": 10.078125,
  "blocks.19.self_attn.o": 12.421875,
  "blocks.19.self_attn.q": 10.078125,
  "blocks.19.self_attn.v": 10.078125,
  "blocks.2.cross_attn.k": 1.58984375,
  "blocks.2.cross_attn.o": 2.935546875,
  "blocks.2.cross_attn.q": 43.375,
  "blocks.2.cross_attn.v": 1.58984375,
  "blocks.2.ffn.0": 11.5859375,
  "blocks.2.ffn.2": 14.0625,
  "blocks.2.self_attn.k": 10.890625,
  "blocks.2.self_attn.o": 7.83203125,
  "blocks.2.self_attn.q": 10.890625,
  "blocks.2.self_attn.v": 10.890625,
  "blocks.20.cross_attn.k": 1.58984375,
  "blocks.20.cross_attn.o": 2.126953125,
  "blocks.20.cross_attn.q": 67.6875,
  "blocks.20.cross_attn.v": 1.58984375,
  "blocks.20.ffn.0": 6.89453125,
  "blocks.20.ffn.2": 13.6171875,
  "blocks.20.self_attn.k": 11.703125,
  "blocks.20.self_attn.o": 12.7890625,
  "blocks.20.self_attn.q": 11.703125,
  "blocks.20.self_attn.v": 11.703125,
  "blocks.21.cross_attn.k": 1.58984375,
  "blocks.21.cross_attn.o": 2.466796875,
  "blocks.21.cross_attn.q": 51.4375,
  "blocks.21.cross_attn.v": 1.58984375,
  "blocks.21.ffn.0": 8.2109375,
  "blocks.21.ffn.2": 15.109375,
  "blocks.21.self_attn.k": 11.71875,
  "blocks.21.self_attn.o": 10.921875,
  "blocks.21.self_attn.q": 11.71875,
  "blocks.21.self_attn.v": 11.71875,
  "blocks.22.cross_attn.k": 1.58984375,
  "blocks.22.cross_attn.o": 3.541015625,
  "blocks.22.cross_attn.q": 56.96875,
  "blocks.22.cross_attn.v": 1.58984375,
  "blocks.22.ffn.0": 7.40234375,
  "blocks.22.ffn.2": 28.015625,
  "blocks.22.self_attn.k": 12.8515625,
  "blocks.22.self_attn.o": 12.53125,
  "blocks.22.self_attn.q": 12.8515625,
  "blocks.22.self_attn.v": 12.8515625,
  "blocks.23.cross_attn.k": 1.58984375,
  "blocks.23.cross_attn.o": 2.109375,
  "blocks.23.cross_attn.q": 58.34375,
  "blocks.23.cross_attn.v": 1.58984375,
  "blocks.23.ffn.0": 7.24609375,
  "blocks.23.ffn.2": 19.015625,
  "blocks.23.self_attn.k": 12.6171875,
  "blocks.23.self_attn.o": 12.0859375,
  "blocks.23.self_attn.q": 12.6171875,
  "blocks.23.self_attn.v": 12.6171875,
  "blocks.24.cross_attn.k": 1.58984375,
  "blocks.24.cross_attn.o": 2.150390625,
  "blocks.24.cross_attn.q": 60.3125,
  "blocks.24.cross_attn.v": 1.58984375,
  "blocks.24.ffn.0": 7.8671875,
  "blocks.24.ffn.2": 16.796875,
  "blocks.24.self_attn.k": 11.296875,
  "blocks.24.self_attn.o": 11.703125,
  "blocks.24.self_attn.q": 11.296875,
  "blocks.24.self_attn.v": 11.296875,
  "blocks.25.cross_attn.k": 1.58984375,
  "blocks.25.cross_attn.o": 1.7177734375,
  "blocks.25.cross_attn.q": 60.03125,
  "blocks.25.cross_attn.v": 1.58984375,
  "blocks.25.ffn.0": 11.796875,
  "blocks.25.ffn.2": 15.265625,
  "blocks.25.self_attn.k": 11.796875,
  "blocks.25.self_attn.o": 11.203125,
  "blocks.25.self_attn.q": 11.796875,
  "blocks.25.self_attn.v": 11.796875,
  "blocks.26.cross_attn.k": 1.58984375,
  "blocks.26.cross_attn.o": 2.337890625,
  "blocks.26.cross_attn.q": 62.65625,
  "blocks.26.cross_attn.v": 1.58984375,
  "blocks.26.ffn.0": 8.484375,
  "blocks.26.ffn.2": 20.359375,
  "blocks.26.self_attn.k": 13.65625,
  "blocks.26.self_attn.o": 12.9375,
  "blocks.26.self_attn.q": 13.65625,
  "blocks.26.self_attn.v": 13.65625,
  "blocks.27.cross_attn.k": 1.58984375,
  "blocks.27.cross_attn.o": 2.294921875,
  "blocks.27.cross_attn.q": 66.375,
  "blocks.27.cross_attn.v": 1.58984375,
  "blocks.27.ffn.0": 8.2109375,
  "blocks.27.ffn.2": 16.03125,
  "blocks.27.self_attn.k": 13.9375,
  "blocks.27.self_attn.o": 12.6171875,
  "blocks.27.self_attn.q": 13.9375,
  "blocks.27.self_attn.v": 13.9375,
  "blocks.28.cross_attn.k": 1.58984375,
  "blocks.28.cross_attn.o": 1.3642578125,
  "blocks.28.cross_attn.q": 69.25,
  "blocks.28.cross_attn.v": 1.58984375,
  "blocks.28.ffn.0": 7.87890625,